"Airline","Flight_Number","Origin","Origin_Code","Origin_Timezone","Destination","Destination_Code","Destination_Timezone","Departure_Time","Arrival_Time","Next","Equipment","Frequency","Origin_Label","Destination_Label"
"IA",657,"Abu Dhabi","AUH",4,"Doha","DOH",3,"00:45","00:45",0,"A32L","X","Abu Dhabi (AUH)","Doha (DOH)"
"IA",657,"Abu Dhabi","AUH",4,"Puerto Marabella","PMB",1,"00:45","06:30",0,"A32L","X","Abu Dhabi (AUH)","Puerto Marabella (PMB)"
"IA",107,"Agadir","AGA",0,"Puerto Marabella","PMB",1,"08:45","12:00",0,"A32A","X","Agadir (AGA)","Puerto Marabella (PMB)"
"IA",121,"Algiers","ALG",1,"Puerto Marabella","PMB",1,"09:00","10:00",0,"A319","X","Algiers (ALG)","Puerto Marabella (PMB)"
"IA",123,"Algiers","ALG",1,"Puerto Marabella","PMB",1,"15:00","16:00",0,"A319","X","Algiers (ALG)","Puerto Marabella (PMB)"
"IA",125,"Algiers","ALG",1,"Puerto Marabella","PMB",1,"21:00","22:00",0,"A32A","X","Algiers (ALG)","Puerto Marabella (PMB)"
"IA",1343,"Almaty","ALA",5,"Asghabat","ASB",4,"21:00","23:00",0,"A319","X","Almaty (ALA)","Asghabat (ASB)"
"IA",1342,"Almaty","ALA",5,"Astana","TSE",5,"16:45","18:00",0,"A319","X","Almaty (ALA)","Astana (TSE)"
"IA",1343,"Almaty","ALA",5,"Baku","GYD",3,"21:00","00:15",1,"A319","X","Almaty (ALA)","Baku (GYD)"
"IA",1343,"Almaty","ALA",5,"Tibilisi","TBS",3,"21:00","02:45",1,"A319","X","Almaty (ALA)","Tibilisi (TBS)"
"IA",1343,"Almaty","ALA",5,"Puerto Marabella","PMB",1,"21:00","06:00",1,"A319","X","Almaty (ALA)","Puerto Marabella (PMB)"
"IA",1343,"Almaty","ALA",5,"Yerevan","EVN",3,"21:00","01:45",1,"A319","X","Almaty (ALA)","Yerevan (EVN)"
"IA",257,"Amman","AMM",2,"Puerto Marabella","PMB",1,"02:15","06:00",0,"A32A","x","Amman (AMM)","Puerto Marabella (PMB)"
"IA",531,"Amsterdam","AMS",1,"Puerto Marabella","PMB",1,"06:30","09:00",0,"A32A","X","Amsterdam (AMS)","Puerto Marabella (PMB)"
"IA",533,"Amsterdam","AMS",1,"Puerto Marabella","PMB",1,"12:00","14:30",0,"A32B","X","Amsterdam (AMS)","Puerto Marabella (PMB)"
"IA",535,"Amsterdam","AMS",1,"Puerto Marabella","PMB",1,"19:00","21:30",0,"A32A","X","Amsterdam (AMS)","Puerto Marabella (PMB)"
"IA",177,"Antalya","AYT",2,"Puerto Marabella","PMB",1,"11:15","14:00",0,"A32A","X","Antalya (AYT)","Puerto Marabella (PMB)"
"IA",179,"Antalya","AYT",2,"Puerto Marabella","PMB",1,"19:15","22:00",0,"A319","X","Antalya (AYT)","Puerto Marabella (PMB)"
"IA",1342,"Ashgabat","ASB",4,"Almaty","ALA",5,"12:00","16:00",0,"A319","X","Ashgabat (ASB)","Almaty (ALA)"
"IA",1342,"Ashgabat","ASB",4,"Astana","TSE",5,"12:00","18:00",0,"A319","X","Ashgabat (ASB)","Astana (TSE)"
"IA",1343,"Ashgabat","ASB",4,"Baku","GYD",3,"23:45","00:15",1,"A319","X","Ashgabat (ASB)","Baku (GYD)"
"IA",1343,"Ashgabat","ASB",4,"Puerto Marabella","PMB",1,"23:45","06:00",1,"A319","X","Ashgabat (ASB)","Puerto Marabella (PMB)"
"IA",1343,"Ashgabat","ASB",4,"Tibilisi","TBS",3,"23:45","02:45",1,"A319","X","Ashgabat (ASB)","Tibilisi (TBS)"
"IA",1343,"Ashgabat","ASB",4,"Yerevan","EVN",3,"23:45","01:45",1,"A319","X","Ashgabat (ASB)","Yerevan (EVN)"
"IA",1343,"Astana","TSE",5,"Almaty","ALA",5,"19:00","20:15",0,"A319","X","Astana (TSE)","Almaty (ALA)"
"IA",1343,"Astana","TSE",5,"Asghabat","ASB",4,"19:00","23:00",0,"A319","X","Astana (TSE)","Asghabat (ASB)"
"IA",1343,"Astana","TSE",5,"Baku","GYD",3,"19:00","00:15",1,"A319","X","Astana (TSE)","Baku (GYD)"
"IA",1343,"Astana","TSE",5,"Puerto Marabella","PMB",1,"19:00","06:00",1,"A319","X","Astana (TSE)","Puerto Marabella (PMB)"
"IA",1343,"Astana","TSE",5,"Tibilisi","TBS",3,"19:00","02:45",1,"A319","X","Astana (TSE)","Tibilisi (TBS)"
"IA",1343,"Astana","TSE",5,"Yerevan","EVN",3,"19:00","01:45",1,"A319","X","Astana (TSE)","Yerevan (EVN)"
"IA",1769,"Athens","ATH",2,"Puerto Marabella","PMB",1,"06:00","09:00",0,"A32B","X","Athens (ATH)","Puerto Marabella (PMB)"
"IA",1771,"Athens","ATH",2,"Puerto Marabella","PMB",1,"18:30","20:30",0,"A32A","X","Athens (ATH)","Puerto Marabella (PMB)"
"IA",3,"Auckland","AKL",12,"Hong Kond","HKG",8,"23:15","07:30",1,"B77L","36","Auckland (AKL)","Hong Kond (HKG)"
"IA",3,"Auckland","AKL",12,"Puerto Marabella","PMB",1,"23:15","14:45",1,"B77L","36","Auckland (AKL)","Puerto Marabella (PMB)"
"IA",625,"Bahrein","BAH",3,"Kuwait","KWI",1,"23:45","00:45",1,"A32L","X","Bahrein (BAH)","Kuwait (KWI)"
"IA",625,"Bahrein","BAH",3,"Kuwait","KWI",1,"23:45","00:45",1,"A32L","X","Bahrein (BAH)","Kuwait (KWI)"
"IA",625,"Bahrein","BAH",3,"Puerto Marabella","PMB",1,"23:45","06:15",1,"A32L","X","Bahrein (BAH)","Puerto Marabella (PMB)"
"IA",1342,"Baku","GYD",3,"Almaty","ALA",5,"08:45","16:00",0,"A319","X","Baku (GYD)","Almaty (ALA)"
"IA",1342,"Baku","GYD",3,"Asghabat","ASB",4,"08:45","11:15",0,"A319","X","Baku (GYD)","Asghabat (ASB)"
"IA",1342,"Baku","GYD",3,"Astana","TSE",5,"08:45","18:00",0,"A319","X","Baku (GYD)","Astana (TSE)"
"IA",1343,"Baku","GYD",3,"Puerto Marabella","PMB",1,"01:00","06:00",0,"A319","X","Baku (GYD)","Puerto Marabella (PMB)"
"IA",1343,"Baku","GYD",3,"Tibilisi","TBS",3,"01:00","02:45",0,"A319","X","Baku (GYD)","Tibilisi (TBS)"
"IA",1343,"Baku","GYD",3,"Yerevan","EVN",3,"01:00","01:45",0,"A319","X","Baku (GYD)","Yerevan (EVN)"
"IA",181,"Bangkok","BKK",6,"Puerto Marabella","PMB",1,"10:00","17:30",0,"B77W","X","Bangkok (BKK)","Puerto Marabella (PMB)"
"IA",2091,"Barcelona","BCN",1,"Puerto Marabella","PMB",1,"06:00","07:00",0,"A32A","X","Barcelona (BCN)","Puerto Marabella (PMB)"
"IA",2093,"Barcelona","BCN",1,"Puerto Marabella","PMB",1,"07:45","08:45",0,"A32A","X","Barcelona (BCN)","Puerto Marabella (PMB)"
"IA",2095,"Barcelona","BCN",1,"Puerto Marabella","PMB",1,"10:00","11:00",0,"A32A","X","Barcelona (BCN)","Puerto Marabella (PMB)"
"IA",2097,"Barcelona","BCN",1,"Puerto Marabella","PMB",1,"12:15","13:15",0,"A32A","X","Barcelona (BCN)","Puerto Marabella (PMB)"
"IA",2099,"Barcelona","BCN",1,"Puerto Marabella","PMB",1,"14:30","15:30",0,"A32B","X","Barcelona (BCN)","Puerto Marabella (PMB)"
"IA",2101,"Barcelona","BCN",1,"Puerto Marabella","PMB",1,"16:30","17:30",0,"A32A","X","Barcelona (BCN)","Puerto Marabella (PMB)"
"IA",2103,"Barcelona","BCN",1,"Puerto Marabella","PMB",1,"20:00","21:00",0,"A32A","X","Barcelona (BCN)","Puerto Marabella (PMB)"
"IA",2105,"Barcelona","BCN",1,"Puerto Marabella","PMB",1,"22:00","23:00",0,"A32A","X","Barcelona (BCN)","Puerto Marabella (PMB)"
"IA",1021,"Basel","BSL",1,"Puerto Marabella","PMB",1,"09:00","11:00",0,"A319","X","Basel (BSL)","Puerto Marabella (PMB)"
"IA",1023,"Basel","BSL",1,"Puerto Marabella","PMB",1,"14:30","16:30",0,"A319","X","Basel (BSL)","Puerto Marabella (PMB)"
"IA",1025,"Basel","BSL",1,"Puerto Marabella","PMB",1,"19:30","21:30",0,"A319","X","Basel (BSL)","Puerto Marabella (PMB)"
"SR",1021,"Basel","BSL",1,"Swiss Alpin","SAI",1,"10:45","11:45",0,"RJ130","X","Basel (BSL)","Swiss Alpin (SAI)"
"SR",1023,"Basel","BSL",1,"Swiss Alpin","SAI",1,"17:45","18:45",0,"RJ130","X","Basel (BSL)","Swiss Alpin (SAI)"
"IA",197,"Beijing","PEK",8,"Puerto Marabella","PMB",1,"17:00","21:00",0,"B77W","X","Beijing (PEK)","Puerto Marabella (PMB)"
"IA",259,"Beirut","BEY",3,"Puerto Marabella","PMB",1,"03:00","06:15",0,"A32A","X","Beirut (BEY)","Puerto Marabella (PMB)"
"IA",1672,"Bergen","BGO",1,"Longyearbyen","LYR",1,"11:00","14:00",0,"A319","X","Bergen (BGO)","Longyearbyen (LYR)"
"IA",1673,"Bergen","BGO",1,"Puerto Marabella","PMB",1,"18:45","22:00",0,"A319","X","Bergen (BGO)","Puerto Marabella (PMB)"
"SR",643,"Biarritz","BIQ",1,"Puerto Marabella","PMB",1,"15:15","16:45",0,"RJ130","X","Biarritz (BIQ)","Puerto Marabella (PMB)"
"SR",637,"Bordeaux","BOD",1,"Puerto Marabella","PMB",1,"10:45","12:15",0,"RJ130","X","Bordeaux (BOD)","Puerto Marabella (PMB)"
"SR",639,"Bordeaux","BOD",1,"Puerto Marabella","PMB",1,"19:45","21:15",0,"RJ130","X","Bordeaux (BOD)","Puerto Marabella (PMB)"
"IA",17,"Boston","BOS",-5,"Puerto Marabella","PMB",1,"17:30","07:00",1,"A32L","X","Boston (BOS)","Puerto Marabella (PMB)"
"IA",117,"Boston","BOS",-5,"Puerto Marabella","PMB",1,"22:00","11:30",1,"B77W","X","Boston (BOS)","Puerto Marabella (PMB)"
"IA",237,"Cairo","CAI",-2,"Puerto Marabella","PMB",1,"04:30","08:00",0,"A32L","X","Cairo (CAI)","Puerto Marabella (PMB)"
"IA",237,"Cairo","CAI",-2,"Puerto Marabella","PMB",1,"04:30","08:00",0,"A32L","X","Cairo (CAI)","Puerto Marabella (PMB)"
"IA",239,"Cairo","CAI",-2,"Puerto Marabella","PMB",1,"14:00","17:30",0,"A32L","X","Cairo (CAI)","Puerto Marabella (PMB)"
"IA",239,"Cairo","CAI",-2,"Puerto Marabella","PMB",1,"14:00","17:30",0,"A32L","X","Cairo (CAI)","Puerto Marabella (PMB)"
"IA",15,"Chicago","ORD",-6,"Puerto Marabella","PMB",1,"15:30","07:30",1,"A32L","X","Chicago (ORD)","Puerto Marabella (PMB)"
"IA",115,"Chicago","ORD",-6,"Puerto Marabella","PMB",1,"19:45","11:45",1,"B77W","X","Chicago (ORD)","Puerto Marabella (PMB)"
"IA",1659,"Copenhagen","CPH",1,"Puerto Marabella","PMB",1,"06:30","09:30",0,"A32A","X","Copenhagen (CPH)","Puerto Marabella (PMB)"
"IA",1661,"Copenhagen","CPH",1,"Puerto Marabella","PMB",1,"10:15","13:15",0,"A343","X","Copenhagen (CPH)","Puerto Marabella (PMB)"
"IA",1663,"Copenhagen","CPH",1,"Puerto Marabella","PMB",1,"15:00","18:00",0,"A32A","X","Copenhagen (CPH)","Puerto Marabella (PMB)"
"IA",1665,"Copenhagen","CPH",1,"Puerto Marabella","PMB",1,"19:00","22:00",0,"A32B","X","Copenhagen (CPH)","Puerto Marabella (PMB)"
"IA",294,"Dar Es Salaam","DAR",3,"Puerto Marabella","PMB",1,"12:30","19:00",0,"A32L","X","Dar Es Salaam (DAR)","Puerto Marabella (PMB)"
"IA",147,"Delhi","DEL",5.5,"Puerto Marabella","PMB",1,"14:00","19:00",0,"B77W","X","Delhi (DEL)","Puerto Marabella (PMB)"
"DA",1190,"Direct City","DCI",1,"Eden Elite City","EEI",0,"07:00","07:15",0,"A318","X","Direct City (DCI)","Eden Elite City (EEI)"
"SR",423,"Direct City","DCI",1,"Eden Elite City","EEI",0,"09:45","10:00",0,"RJ130","X","Direct City (DCI)","Eden Elite City (EEI)"
"SR",425,"Direct City","DCI",1,"Eden Elite City","EEI",0,"13:00","13:15",0,"RJ130","X","Direct City (DCI)","Eden Elite City (EEI)"
"SR",427,"Direct City","DCI",1,"Eden Elite City","EEI",0,"17:00","17:15",0,"RJ130","X","Direct City (DCI)","Eden Elite City (EEI)"
"DA",1196,"Direct City","DCI",1,"Eden Elite City","EEI",0,"19:00","19:15",0,"A318","X","Direct City (DCI)","Eden Elite City (EEI)"
"SR",429,"Direct City","DCI",1,"Eden Elite City","EEI",0,"21:15","21:30",0,"RJ130","X","Direct City (DCI)","Eden Elite City (EEI)"
"IA",401,"Direct City","DCI",1,"Puerto Marabella","PMB",1,"05:00","06:30",0,"A32A","X","Direct City (DCI)","Puerto Marabella (PMB)"
"IA",1410,"Direct City","DCI",1,"Puerto Marabella","PMB",1,"06:30","08:00",0,"A32B","X","Direct City (DCI)","Puerto Marabella (PMB)"
"IA",403,"Direct City","DCI",1,"Puerto Marabella","PMB",1,"08:15","09:45",0,"A32A","X","Direct City (DCI)","Puerto Marabella (PMB)"
"IA",405,"Direct City","DCI",1,"Puerto Marabella","PMB",1,"09:30","11:00",0,"A32A","X","Direct City (DCI)","Puerto Marabella (PMB)"
"DA",1414,"Direct City","DCI",1,"Puerto Marabella","PMB",1,"11:00","12:30",0,"B763","X","Direct City (DCI)","Puerto Marabella (PMB)"
"IA",407,"Direct City","DCI",1,"Puerto Marabella","PMB",1,"12:45","14:15",0,"A32A","X","Direct City (DCI)","Puerto Marabella (PMB)"
"IA",409,"Direct City","DCI",1,"Puerto Marabella","PMB",1,"14:00","15:30",0,"A32A","X","Direct City (DCI)","Puerto Marabella (PMB)"
"IA",411,"Direct City","DCI",1,"Puerto Marabella","PMB",1,"17:45","19:15",0,"A32A","X","Direct City (DCI)","Puerto Marabella (PMB)"
"DA",1418,"Direct City","DCI",1,"Puerto Marabella","PMB",1,"19:30","21:00",0,"A32B","X","Direct City (DCI)","Puerto Marabella (PMB)"
"IA",413,"Direct City","DCI",1,"Puerto Marabella","PMB",1,"20:30","22:00",0,"A32A","X","Direct City (DCI)","Puerto Marabella (PMB)"
"IA",415,"Direct City","DCI",1,"Puerto Marabella","PMB",1,"21:30","23:00",0,"A32A","X","Direct City (DCI)","Puerto Marabella (PMB)"
"DA",1340,"Direct City","DCI",1,"Swiss Alpin","SAI",1,"06:45","08:45",0,"RJ130","X","Direct City (DCI)","Swiss Alpin (SAI)"
"SR",417,"Direct City","DCI",1,"Swiss Alpin","SAI",1,"09:15","11:15",0,"RJ130","X","Direct City (DCI)","Swiss Alpin (SAI)"
"DA",1342,"Direct City","DCI",1,"Swiss Alpin","SAI",1,"12:00","14:00",0,"RJ130","X","Direct City (DCI)","Swiss Alpin (SAI)"
"SR",419,"Direct City","DCI",1,"Swiss Alpin","SAI",1,"14:45","16:45",0,"RJ130","X","Direct City (DCI)","Swiss Alpin (SAI)"
"DA",1344,"Direct City","DCI",1,"Swiss Alpin","SAI",1,"16:45","18:45",0,"RJ130","X","Direct City (DCI)","Swiss Alpin (SAI)"
"SR",421,"Direct City","DCI",1,"Swiss Alpin","SAI",1,"19:45","21:45",0,"RJ130","X","Direct City (DCI)","Swiss Alpin (SAI)"
"IA",656,"Doha","DOH",3,"Abu Dhabi","AUH",4,"20:15","21:30",0,"B77L","X","Doha (DOH)","Abu Dhabi (AUH)"
"IA",657,"Doha","DOH",3,"Puerto Marabella","PMB",1,"01:30","06:30",0,"B77L","X","Doha (DOH)","Puerto Marabella (PMB)"
"IA",242,"Dubai","DXB",4,"Muscat","MCT",4,"20:15","21:30",0,"B77L","X","Dubai (DXB)","Muscat (MCT)"
"IA",243,"Dubai","DXB",4,"Puerto Marabella","PMB",1,"01:30","06:30",0,"B77L","X","Dubai (DXB)","Puerto Marabella (PMB)"
"IA",137,"Eden City","EDN",-5,"Puerto Marabella","PMB",1,"20:00","09:30",1,"A32L","X","Eden City (EDN)","Puerto Marabella (PMB)"
"SR",422,"Eden Elite City","EEI",0,"Direct City","DCI",1,"06:45","09:00",0,"RJ130","X","Eden Elite City (EEI)","Direct City (DCI)"
"DA",1191,"Eden Elite City","EEI",0,"Direct City","DCI",1,"08:15","10:30",0,"A318","X","Eden Elite City (EEI)","Direct City (DCI)"
"SR",424,"Eden Elite City","EEI",0,"Direct City","DCI",1,"10:00","12:15",0,"RJ130","X","Eden Elite City (EEI)","Direct City (DCI)"
"SR",426,"Eden Elite City","EEI",0,"Direct City","DCI",1,"14:00","16:15",0,"RJ130","X","Eden Elite City (EEI)","Direct City (DCI)"
"SR",428,"Eden Elite City","EEI",0,"Direct City","DCI",1,"18:15","20:30",0,"RJ130","X","Eden Elite City (EEI)","Direct City (DCI)"
"DA",1197,"Eden Elite City","EEI",0,"Direct City","DCI",1,"20:15","22:30",0,"A318","X","Eden Elite City (EEI)","Direct City (DCI)"
"SR",1873,"Eden Elite City","EEI",0,"Puerto Marabella","PMB",1,"06:45","10:45",0,"RJ130","X","Eden Elite City (EEI)","Puerto Marabella (PMB)"
"SR",1875,"Eden Elite City","EEI",0,"Puerto Marabella","PMB",1,"10:45","14:45",0,"RJ130","X","Eden Elite City (EEI)","Puerto Marabella (PMB)"
"SR",1877,"Eden Elite City","EEI",0,"Puerto Marabella","PMB",1,"14:15","18:15",0,"RJ130","X","Eden Elite City (EEI)","Puerto Marabella (PMB)"
"SR",1879,"Eden Elite City","EEI",0,"Puerto Marabella","PMB",1,"18:00","22:00",0,"RJ130","X","Eden Elite City (EEI)","Puerto Marabella (PMB)"
"SR",1881,"Eden Elite City","EEI",0,"Swiss Alpin","SAI",1,"08:00","10:45",0,"RJ130","X","Eden Elite City (EEI)","Swiss Alpin (SAI)"
"SR",1883,"Eden Elite City","EEI",0,"Swiss Alpin","SAI",1,"13:15","16:00",0,"RJ130","X","Eden Elite City (EEI)","Swiss Alpin (SAI)"
"SR",1885,"Eden Elite City","EEI",0,"Swiss Alpin","SAI",1,"19:15","22:00",0,"RJ130","X","Eden Elite City (EEI)","Swiss Alpin (SAI)"
"IA",381,"Edinburgh","EDI",0,"Puerto Marabella","PMB",1,"14:15","18:15",0,"A32B","X","Edinburgh (EDI)","Puerto Marabella (PMB)"
"IA",1235,"Frankfurt","FRA",1,"Puerto Marabella","PMB",1,"06:15","08:15",0,"A32A","X","Frankfurt (FRA)","Puerto Marabella (PMB)"
"IA",1237,"Frankfurt","FRA",1,"Puerto Marabella","PMB",1,"09:15","11:15",0,"A32A","X","Frankfurt (FRA)","Puerto Marabella (PMB)"
"IA",1239,"Frankfurt","FRA",1,"Puerto Marabella","PMB",1,"12:15","14:15",0,"A32A","X","Frankfurt (FRA)","Puerto Marabella (PMB)"
"IA",1241,"Frankfurt","FRA",1,"Puerto Marabella","PMB",1,"14:30","16:30",0,"A343","X","Frankfurt (FRA)","Puerto Marabella (PMB)"
"IA",1243,"Frankfurt","FRA",1,"Puerto Marabella","PMB",1,"18:15","20:15",0,"A32A","X","Frankfurt (FRA)","Puerto Marabella (PMB)"
"IA",1245,"Frankfurt","FRA",1,"Puerto Marabella","PMB",1,"20:00","22:00",0,"A319","X","Frankfurt (FRA)","Puerto Marabella (PMB)"
"IA",1013,"Geneva","GVA",1,"Puerto Marabella","PMB",1,"06:15","08:00",0,"A32B","X","Geneva (GVA)","Puerto Marabella (PMB)"
"IA",1015,"Geneva","GVA",1,"Puerto Marabella","PMB",1,"09:30","11:15",0,"A32A","X","Geneva (GVA)","Puerto Marabella (PMB)"
"IA",1017,"Geneva","GVA",1,"Puerto Marabella","PMB",1,"11:45","13:30",0,"A32B","X","Geneva (GVA)","Puerto Marabella (PMB)"
"IA",1019,"Geneva","GVA",1,"Puerto Marabella","PMB",1,"17:15","19:00",0,"A32B","X","Geneva (GVA)","Puerto Marabella (PMB)"
"SR",1101,"Geneva","GVA",1,"Swiss Alpin","SAI",1,"08:30","09:30",0,"RJ130","X","Geneva (GVA)","Swiss Alpin (SAI)"
"SR",1103,"Geneva","GVA",1,"Swiss Alpin","SAI",1,"14:15","15:15",0,"RJ130","X","Geneva (GVA)","Swiss Alpin (SAI)"
"SR",1105,"Geneva","GVA",1,"Swiss Alpin","SAI",1,"20:00","21:00",0,"RJ130","X","Geneva (GVA)","Swiss Alpin (SAI)"
"IA",1667,"Helsinki","HEL",2,"Puerto Marabella","PMB",1,"14:45","17:45",0,"A32B","X","Helsinki (HEL)","Puerto Marabella (PMB)"
"IA",667,"Helsinki","HEL",2,"Puerto Marabella","PMB",1,"18:45","21:45",0,"A32B","X","Helsinki (HEL)","Puerto Marabella (PMB)"
"IA",4,"Hong Kong","HKG",8,"Auckland","AKL",12,"06:45","21:45",0,"B77L","36","Hong Kong (HKG)","Auckland (AKL)"
"IA",139,"Hong Kong","HKG",8,"Puerto Marabella","PMB",1,"00:15","06:30",1,"B77W","X","Hong Kong (HKG)","Puerto Marabella (PMB)"
"IA",3,"Hong Kong","HKG",8,"Puerto Marabella","PMB",1,"08:30","14:45",0,"B77L","47","Hong Kong (HKG)","Puerto Marabella (PMB)"
"SR",2139,"Ibiza","IBZ",1,"Puerto Marabella","PMB",1,"06:00","06:45",0,"RJ130","X","Ibiza (IBZ)","Puerto Marabella (PMB)"
"SR",2141,"Ibiza","IBZ",1,"Puerto Marabella","PMB",1,"09:00","09:45",0,"RJ130","X","Ibiza (IBZ)","Puerto Marabella (PMB)"
"SR",2143,"Ibiza","IBZ",1,"Puerto Marabella","PMB",1,"12:00","12:45",0,"RJ130","X","Ibiza (IBZ)","Puerto Marabella (PMB)"
"SR",2145,"Ibiza","IBZ",1,"Puerto Marabella","PMB",1,"15:00","15:45",0,"RJ130","X","Ibiza (IBZ)","Puerto Marabella (PMB)"
"SR",2147,"Ibiza","IBZ",1,"Puerto Marabella","PMB",1,"18:00","18:45",0,"RJ130","X","Ibiza (IBZ)","Puerto Marabella (PMB)"
"SR",2149,"Ibiza","IBZ",1,"Puerto Marabella","PMB",1,"21:00","12:45",0,"RJ130","X","Ibiza (IBZ)","Puerto Marabella (PMB)"
"IA",171,"Istanbul","IST",2,"Puerto Marabella","PMB",1,"06:15","08:45",0,"A32B","X","Istanbul (IST)","Puerto Marabella (PMB)"
"IA",173,"Istanbul","IST",2,"Puerto Marabella","PMB",1,"12:45","15:15",0,"A32B","X","Istanbul (IST)","Puerto Marabella (PMB)"
"IA",175,"Istanbul","IST",2,"Puerto Marabella","PMB",1,"18:00","20:30",0,"A32A","X","Istanbul (IST)","Puerto Marabella (PMB)"
"IA",289,"Johannesburg","JNB",2,"Puerto Marabella","PMB",1,"23:30","08:30",1,"B77L","X","Johannesburg (JNB)","Puerto Marabella (PMB)"
"IA",624,"Kuwait","KWI",3,"Bahrein","BAH",3,"21:15","22:15",0,"A32L","X","Kuwait (KWI)","Bahrein (BAH)"
"IA",624,"Kuwait","KWI",3,"Bahrein","BAH",3,"21:15","22:15",0,"A32L","X","Kuwait (KWI)","Bahrein (BAH)"
"IA",625,"Kuwait","KWI",3,"Puerto Marabella","PMB",1,"01:45","06:15",0,"A32L","X","Kuwait (KWI)","Puerto Marabella (PMB)"
"IA",625,"Kuwait","KWI",3,"Puerto Marabella","PMB",1,"01:45","06:15",0,"A32L","X","Kuwait (KWI)","Puerto Marabella (PMB)"
"IA",2079,"Lisbon","LIS",0,"Puerto Marabella","PMB",1,"06:15","09:15",0,"A32B","X","Lisbon (LIS)","Puerto Marabella (PMB)"
"IA",2081,"Lisbon","LIS",0,"Puerto Marabella","PMB",1,"08:45","11:45",0,"A32B","X","Lisbon (LIS)","Puerto Marabella (PMB)"
"IA",2083,"Lisbon","LIS",0,"Puerto Marabella","PMB",1,"11:30","14:30",0,"A32A","X","Lisbon (LIS)","Puerto Marabella (PMB)"
"IA",2085,"Lisbon","LIS",0,"Puerto Marabella","PMB",1,"14:30","17:30",0,"A32A","X","Lisbon (LIS)","Puerto Marabella (PMB)"
"IA",2087,"Lisbon","LIS",0,"Puerto Marabella","PMB",1,"17:30","20:30",0,"A32B","X","Lisbon (LIS)","Puerto Marabella (PMB)"
"IA",2089,"Lisbon","LIS",0,"Puerto Marabella","PMB",1,"20:00","23:00",0,"A32A","X","Lisbon (LIS)","Puerto Marabella (PMB)"
"IA",321,"London","LHR",0,"Puerto Marabella","PMB",1,"06:00","09:30",0,"A32B","X","London (LHR)","Puerto Marabella (PMB)"
"IA",323,"London","LHR",0,"Puerto Marabella","PMB",1,"08:30","12:00",0,"A32B","X","London (LHR)","Puerto Marabella (PMB)"
"IA",325,"London","LHR",0,"Puerto Marabella","PMB",1,"12:30","16:00",0,"A32B","X","London (LHR)","Puerto Marabella (PMB)"
"IA",327,"London","LHR",0,"Puerto Marabella","PMB",1,"15:30","19:00",0,"A32B","X","London (LHR)","Puerto Marabella (PMB)"
"IA",329,"London","LHR",0,"Puerto Marabella","PMB",1,"19:30","23:00",0,"A32B","X","London (LHR)","Puerto Marabella (PMB)"
"IA",1673,"Longyearbyen","LYR",1,"Bergen","BGO",1,"15:00","18:00",0,"A319","X","Longyearbyen (LYR)","Bergen (BGO)"
"IA",1673,"Longyearbyen","LYR",1,"Puerto Marabella","PMB",1,"15:00","22:00",0,"A319","X","Longyearbyen (LYR)","Puerto Marabella (PMB)"
"IA",41,"Los Angeles","LAX",-8,"Puerto Marabella","PMB",1,"19:00","15:15",1,"B77W","X","Los Angeles (LAX)","Puerto Marabella (PMB)"
"IA",2109,"Madrid","MAD",1,"Puerto Marabella","PMB",1,"06:00","07:30",0,"A32B","X","Madrid (MAD)","Puerto Marabella (PMB)"
"IA",2111,"Madrid","MAD",1,"Puerto Marabella","PMB",1,"09:15","14:45",0,"A32A","X","Madrid (MAD)","Puerto Marabella (PMB)"
"IA",2113,"Madrid","MAD",1,"Puerto Marabella","PMB",1,"12:30","14:00",0,"A32A","X","Madrid (MAD)","Puerto Marabella (PMB)"
"IA",2115,"Madrid","MAD",1,"Puerto Marabella","PMB",1,"15:30","17:00",0,"A32A","X","Madrid (MAD)","Puerto Marabella (PMB)"
"IA",2117,"Madrid","MAD",1,"Puerto Marabella","PMB",1,"17:30","18:30",0,"A32A","X","Madrid (MAD)","Puerto Marabella (PMB)"
"IA",2119,"Madrid","MAD",1,"Puerto Marabella","PMB",1,"20:00","21:30",0,"A32A","X","Madrid (MAD)","Puerto Marabella (PMB)"
"SR",2121,"Malaga","AGP",1,"Puerto Marabella","PMB",1,"06:15","07:45",0,"RJ130","X","Malaga (AGP)","Puerto Marabella (PMB)"
"IA",2123,"Malaga","AGP",1,"Puerto Marabella","PMB",1,"08:45","10:15",0,"A32B","X","Malaga (AGP)","Puerto Marabella (PMB)"
"IA",2125,"Malaga","AGP",1,"Puerto Marabella","PMB",1,"13:45","15:15",0,"A32A","X","Malaga (AGP)","Puerto Marabella (PMB)"
"IA",2127,"Malaga","AGP",1,"Puerto Marabella","PMB",1,"19:15","20:45",0,"A32B","X","Malaga (AGP)","Puerto Marabella (PMB)"
"IA",2129,"Malaga","AGP",1,"Puerto Marabella","PMB",1,"21:15","22:45",0,"A32B","X","Malaga (AGP)","Puerto Marabella (PMB)"
"IA",2183,"Mallorca","PMI",1,"Puerto Marabella","PMB",1,"05:15","06:00",0,"A319","X","Mallorca (PMI)","Puerto Marabella (PMB)"
"SR",2185,"Mallorca","PMI",1,"Puerto Marabella","PMB",1,"07:45","08:30",0,"RJ130","X","Mallorca (PMI)","Puerto Marabella (PMB)"
"IA",2187,"Mallorca","PMI",1,"Puerto Marabella","PMB",1,"08:30","09:15",0,"A319","X","Mallorca (PMI)","Puerto Marabella (PMB)"
"SR",2189,"Mallorca","PMI",1,"Puerto Marabella","PMB",1,"10:45","11:30",0,"RJ130","X","Mallorca (PMI)","Puerto Marabella (PMB)"
"IA",2191,"Mallorca","PMI",1,"Puerto Marabella","PMB",1,"13:15","14:00",0,"A32A","X","Mallorca (PMI)","Puerto Marabella (PMB)"
"IA",2193,"Mallorca","PMI",1,"Puerto Marabella","PMB",1,"15:00","15:45",0,"A319","X","Mallorca (PMI)","Puerto Marabella (PMB)"
"IA",2195,"Mallorca","PMI",1,"Puerto Marabella","PMB",1,"17:15","18:00",0,"A32A","X","Mallorca (PMI)","Puerto Marabella (PMB)"
"SR",2197,"Mallorca","PMI",1,"Puerto Marabella","PMB",1,"19:15","20:00",0,"RJ130","X","Mallorca (PMI)","Puerto Marabella (PMB)"
"SR",2199,"Mallorca","PMI",1,"Puerto Marabella","PMB",1,"22:15","23:00",0,"RJ130","X","Mallorca (PMI)","Puerto Marabella (PMB)"
"IA",391,"Manchester","MAN",0,"Puerto Marabella","PMB",1,"06:30","10:00",0,"A32B","X","Manchester (MAN)","Puerto Marabella (PMB)"
"IA",393,"Manchester","MAN",0,"Puerto Marabella","PMB",1,"12:45","16:15",0,"A32B","X","Manchester (MAN)","Puerto Marabella (PMB)"
"IA",103,"Marrakech","RAK",0,"Puerto Marabella","PMB",1,"09:15","13:00",0,"A319","X","Marrakech (RAK)","Puerto Marabella (PMB)"
"IA",105,"Marrakech","RAK",0,"Puerto Marabella","PMB",1,"15:15","19:00",0,"A32A","X","Marrakech (RAK)","Puerto Marabella (PMB)"
"IA",65,"Miami","MIA",-5,"Puerto Marabella","PMB",1,"19:45","11:00",1,"B77W","X","Miami (MIA)","Puerto Marabella (PMB)"
"IA",1545,"Milan","MXP",1,"Puerto Marabella","PMB",1,"06:00","07:30",0,"A32A","X","Milan (MXP)","Puerto Marabella (PMB)"
"IA",1547,"Milan","MXP",1,"Puerto Marabella","PMB",1,"10:30","12:00",0,"A32A","X","Milan (MXP)","Puerto Marabella (PMB)"
"IA",1549,"Milan","MXP",1,"Puerto Marabella","PMB",1,"15:15","16:45",0,"A32A","X","Milan (MXP)","Puerto Marabella (PMB)"
"IA",1551,"Milan","MXP",1,"Puerto Marabella","PMB",1,"18:45","20:15",0,"A32A","X","Milan (MXP)","Puerto Marabella (PMB)"
"IA",25,"Montreal","YUL",-5,"Puerto Marabella","PMB",1,"17:30","07:00",1,"B77W","X","Montreal (YUL)","Puerto Marabella (PMB)"
"IA",141,"Moscow","DME",3,"Puerto Marabella","PMB",1,"06:30","09:15",0,"A32L","X","Moscow (DME)","Puerto Marabella (PMB)"
"IA",145,"Moscow","DME",3,"Puerto Marabella","PMB",1,"18:15","21:00",0,"A319","X","Moscow (DME)","Puerto Marabella (PMB)"
"IA",155,"Mumbai","BOM",5.5,"Puerto Marabella","PMB",1,"13:30","19:00",0,"B77W","X","Mumbai (BOM)","Puerto Marabella (PMB)"
"IA",1221,"Munich","MUC",1,"Puerto Marabella","PMB",1,"06:30","08:30",0,"A32B","X","Munich (MUC)","Puerto Marabella (PMB)"
"IA",1223,"Munich","MUC",1,"Puerto Marabella","PMB",1,"09:00","11:00",0,"A343","X","Munich (MUC)","Puerto Marabella (PMB)"
"IA",1225,"Munich","MUC",1,"Puerto Marabella","PMB",1,"12:00","14:00",0,"A32B","X","Munich (MUC)","Puerto Marabella (PMB)"
"IA",1227,"Munich","MUC",1,"Puerto Marabella","PMB",1,"14:45","16:45",0,"A32A","X","Munich (MUC)","Puerto Marabella (PMB)"
"IA",1229,"Munich","MUC",1,"Puerto Marabella","PMB",1,"17:45","19:45",0,"A32B","X","Munich (MUC)","Puerto Marabella (PMB)"
"IA",1231,"Munich","MUC",1,"Puerto Marabella","PMB",1,"20:00","22:00",0,"A343","X","Munich (MUC)","Puerto Marabella (PMB)"
"IA",243,"Muscat","MCT",4,"Dubai","DXB",4,"23:15","00:30",1,"B77L","X","Muscat (MCT)","Dubai (DXB)"
"IA",243,"Muscat","MCT",4,"Puerto Marabella","PMB",1,"23:15","06:30",1,"B77L","X","Muscat (MCT)","Puerto Marabella (PMB)"
"IA",294,"Nairobi","NBO",3,"Dar Es Salaarm","DAR",3,"09:30","11:00",0,"A32L","X","Nairobi (NBO)","Dar Es Salaarm (DAR)"
"IA",294,"Nairobi","NBO",3,"Puerto Marabella","PMB",1,"09:30","19:00",0,"A32L","X","Nairobi (NBO)","Puerto Marabella (PMB)"
"IA",1563,"Naples","NAP",1,"Puerto Marabella","PMB",1,"09:00","11:00",0,"A319","X","Naples (NAP)","Puerto Marabella (PMB)"
"IA",1565,"Naples","NAP",1,"Puerto Marabella","PMB",1,"21:00","23:00",0,"A319","X","Naples (NAP)","Puerto Marabella (PMB)"
"IA",19,"New York","JFK",-5,"Puerto Marabella","PMB",1,"16:00","06:00",1,"A32L","X","New York (JFK)","Puerto Marabella (PMB)"
"IA",21,"New York","JFK",-5,"Puerto Marabella","PMB",1,"18:00","08:00",1,"B77L","X","New York (JFK)","Puerto Marabella (PMB)"
"IA",23,"New York","JFK",-5,"Puerto Marabella","PMB",1,"21:30","11:30",1,"B77W","X","New York (JFK)","Puerto Marabella (PMB)"
"IA",857,"Nuuk","GOH",-2,"Puerto Marabella","PMB",1,"17:00","06:30",1,"A319","X","Nuuk (GOH)","Puerto Marabella (PMB)"
"IA",857,"Nuuk","GOH",-2,"Reykjavik","KEF",0,"17:00","22:00",0,"A319","X","Nuuk (GOH)","Reykjavik (KEF)"
"IA",133,"Ocean Shores","OSO",-5,"Puerto Marabella","PMB",1,"20:30","10:00",1,"A32L","X","Ocean Shores (OSO)","Puerto Marabella (PMB)"
"IA",126,"Oran","ORN",1,"Puerto Marabella","PMB",1,"18:45","20:00",0,"A319","X","Oran (ORN)","Puerto Marabella (PMB)"
"IA",1669,"Oslo","OSL",1,"Puerto Marabella","PMB",1,"15:00","18:30",0,"A32A","X","Oslo (OSL)","Puerto Marabella (PMB)"
"IA",1671,"Oslo","OSL",1,"Puerto Marabella","PMB",1,"18:30","22:00",0,"A32A","X","Oslo (OSL)","Puerto Marabella (PMB)"
"IA",1559,"Palermo","PMO",1,"Puerto Marabella","PMB",1,"10:15","12:00",0,"A32A","X","Palermo (PMO)","Puerto Marabella (PMB)"
"IA",1561,"Palermo","PMO",1,"Puerto Marabella","PMB",1,"20:15","22:00",0,"A32A","X","Palermo (PMO)","Puerto Marabella (PMB)"
"IA",645,"Paris","CDG",1,"Puerto Marabella","PMB",1,"06:15","08:15",0,"A32A","X","Paris (CDG)","Puerto Marabella (PMB)"
"IA",647,"Paris","CDG",1,"Puerto Marabella","PMB",1,"09:00","11:00",0,"A32A","X","Paris (CDG)","Puerto Marabella (PMB)"
"IA",649,"Paris","CDG",1,"Puerto Marabella","PMB",1,"12:15","14:15",0,"A32A","X","Paris (CDG)","Puerto Marabella (PMB)"
"IA",651,"Paris","CDG",1,"Puerto Marabella","PMB",1,"15:00","17:00",0,"A32B","X","Paris (CDG)","Puerto Marabella (PMB)"
"IA",653,"Paris","CDG",1,"Puerto Marabella","PMB",1,"18:15","20:15",0,"A32A","X","Paris (CDG)","Puerto Marabella (PMB)"
"IA",655,"Paris","CDG",1,"Puerto Marabella","PMB",1,"20:00","22:00",0,"A333","X","Paris (CDG)","Puerto Marabella (PMB)"
"IA",1441,"Prague","PRG",1,"Puerto Marabella","PMB",1,"06:00","08:30",0,"A32B","X","Prague (PRG)","Puerto Marabella (PMB)"
"IA",1443,"Prague","PRG",1,"Puerto Marabella","PMB",1,"12:30","15:00",0,"A32B","X","Prague (PRG)","Puerto Marabella (PMB)"
"IA",1445,"Prague","PRG",1,"Puerto Marabella","PMB",1,"19:15","21:45",0,"A32A","X","Prague (PRG)","Puerto Marabella (PMB)"
"IA",2075,"Porto","OPO",0,"Puerto Marabella","PMB",1,"10:00","13:00",0,"A32A","X","Porto (OPO)","Puerto Marabella (PMB)"
"IA",2077,"Porto","OPO",0,"Puerto Marabella","PMB",1,"17:30","20:30",0,"A32B","X","Porto (OPO)","Puerto Marabella (PMB)"
"IA",656,"Puerto Marabella","PMB",1,"Abu Dhabi","AUH",4,"12:30","23:15",0,"A32L","X","Puerto Marabella (PMB)","Abu Dhabi (AUH)"
"IA",106,"Puerto Marabella","PMB",1,"Agadir","AGA",0,"06:45","08:00",0,"A32A","X","Puerto Marabella (PMB)","Agadir (AGA)"
"IA",120,"Puerto Marabella","PMB",1,"Algiers","ALG",1,"07:15","08:15",0,"A319","X","Puerto Marabella (PMB)","Algiers (ALG)"
"IA",122,"Puerto Marabella","PMB",1,"Algiers","ALG",1,"13:15","14:15",0,"A319","X","Puerto Marabella (PMB)","Algiers (ALG)"
"IA",124,"Puerto Marabella","PMB",1,"Algiers","ALG",1,"19:15","20:15",0,"A32A","X","Puerto Marabella (PMB)","Algiers (ALG)"
"IA",1342,"Puerto Marabella","PMB",1,"Almaty","ALA",5,"23:00","16:00",1,"A319","X","Puerto Marabella (PMB)","Almaty (ALA)"
"IA",256,"Puerto Marabella","PMB",1,"Amman","AMM",2,"19:30","00:45",1,"A32A","X","Puerto Marabella (PMB)","Amman (AMM)"
"IA",530,"Puerto Marabella","PMB",1,"Amsterdam","AMS",1,"08:30","11:00",0,"A32B","X","Puerto Marabella (PMB)","Amsterdam (AMS)"
"IA",532,"Puerto Marabella","PMB",1,"Amsterdam","AMS",1,"15:30","18:00",0,"A32A","X","Puerto Marabella (PMB)","Amsterdam (AMS)"
"IA",534,"Puerto Marabella","PMB",1,"Amsterdam","AMS",1,"20:00","22:30",0,"A32A","X","Puerto Marabella (PMB)","Amsterdam (AMS)"
"IA",176,"Puerto Marabella","PMB",1,"Antalya","AYT",2,"06:15","10:30",0,"A32A","X","Puerto Marabella (PMB)","Antalya (AYT)"
"IA",178,"Puerto Marabella","PMB",1,"Antalya","AYT",2,"14:15","18:30",0,"A319","X","Puerto Marabella (PMB)","Antalya (AYT)"
"IA",1342,"Puerto Marabella","PMB",1,"Ashgabat","ASB",4,"23:00","11:15",1,"A319","X","Puerto Marabella (PMB)","Ashgabat (ASB)"
"IA",1342,"Puerto Marabella","PMB",1,"Astana","TSE",5,"23:00","11:15",1,"A319","X","Puerto Marabella (PMB)","Astana (TSE)"
"IA",1768,"Puerto Marabella","PMB",1,"Athens","ATH",2,"13:30","17:30",0,"A32A","X","Puerto Marabella (PMB)","Athens (ATH)"
"IA",1770,"Puerto Marabella","PMB",1,"Athens","ATH",2,"19:00","21:45",0,"A32B","X","Puerto Marabella (PMB)","Athens (ATH)"
"IA",4,"Puerto Marabella","PMB",1,"Auckland","AKL",12,"09:45","21:45",1,"B77L","X","Puerto Marabella (PMB)","Auckland (AKL)"
"IA",624,"Puerto Marabella","PMB",1,"Bahrein","BAH",3,"12:45","22:15",0,"A32L","X","Puerto Marabella (PMB)","Bahrein (BAH)"
"IA",1342,"Puerto Marabella","PMB",1,"Baku","GYD",3,"23:00","08:00",1,"A319","X","Puerto Marabella (PMB)","Baku (GYD)"
"IA",180,"Puerto Marabella","PMB",1,"Bangkok","BKK",6,"16:00","08:30",1,"B77W","X","Puerto Marabella (PMB)","Bangkok (BKK)"
"IA",2090,"Puerto Marabella","PMB",1,"Barcelona","BCN",1,"06:00","07:00",0,"A32A","X","Puerto Marabella (PMB)","Barcelona (BCN)"
"IA",2092,"Puerto Marabella","PMB",1,"Barcelona","BCN",1,"08:00","09:00",0,"A32B","X","Puerto Marabella (PMB)","Barcelona (BCN)"
"IA",2094,"Puerto Marabella","PMB",1,"Barcelona","BCN",1,"10:15","11:15",0,"A32A","X","Puerto Marabella (PMB)","Barcelona (BCN)"
"IA",2096,"Puerto Marabella","PMB",1,"Barcelona","BCN",1,"12:30","13:30",0,"A32B","X","Puerto Marabella (PMB)","Barcelona (BCN)"
"IA",2098,"Puerto Marabella","PMB",1,"Barcelona","BCN",1,"14:45","15:45",0,"A32A","X","Puerto Marabella (PMB)","Barcelona (BCN)"
"IA",2100,"Puerto Marabella","PMB",1,"Barcelona","BCN",1,"18:00","19:00",0,"A32B","X","Puerto Marabella (PMB)","Barcelona (BCN)"
"IA",2102,"Puerto Marabella","PMB",1,"Barcelona","BCN",1,"20:15","21:15",0,"A32A","X","Puerto Marabella (PMB)","Barcelona (BCN)"
"IA",2104,"Puerto Marabella","PMB",1,"Barcelona","BCN",1,"22:00","23:00",0,"A32A","X","Puerto Marabella (PMB)","Barcelona (BCN)"
"IA",1020,"Puerto Marabella","PMB",1,"Basel","BSL",1,"06:15","08:15",0,"A319","X","Puerto Marabella (PMB)","Basel (BSL)"
"IA",1022,"Puerto Marabella","PMB",1,"Basel","BSL",1,"11:45","13:45",0,"A319","X","Puerto Marabella (PMB)","Basel (BSL)"
"IA",1024,"Puerto Marabella","PMB",1,"Basel","BSL",1,"16:45","18:45",0,"A319","X","Puerto Marabella (PMB)","Basel (BSL)"
"IA",196,"Puerto Marabella","PMB",1,"Beijing","PEK",8,"22:30","13:30",1,"B77W","X","Puerto Marabella (PMB)","Beijing (PEK)"
"IA",258,"Puerto Marabella","PMB",1,"Beirut","BEY",3,"21:30","02:15",1,"A32A","X","Puerto Marabella (PMB)","Beirut (BEY)"
"IA",1672,"Puerto Marabella","PMB",1,"Bergen","BGO",1,"06:45","10:15",0,"A319","X","Puerto Marabella (PMB)","Bergen (BGO)"
"SR",642,"Puerto Marabella","PMB",1,"Biarritz","BIQ",1,"13:00","14:30",0,"RJ130","X","Puerto Marabella (PMB)","Biarritz (BIQ)"
"SR",636,"Puerto Marabella","PMB",1,"Bordeaux","BOD",1,"08:30","10:00",0,"RJ130","X","Puerto Marabella (PMB)","Bordeaux (BOD)"
"SR",638,"Puerto Marabella","PMB",1,"Bordeaux","BOD",1,"17:30","19:00",0,"RJ130","X","Puerto Marabella (PMB)","Bordeaux (BOD)"
"IA",18,"Puerto Marabella","PMB",1,"Boston","BOS",-5,"12:45","15:15",0,"A32L","X","Puerto Marabella (PMB)","Boston (BOS)"
"IA",118,"Puerto Marabella","PMB",1,"Boston","BOS",-5,"17:15","19:45",0,"B77W","X","Puerto Marabella (PMB)","Boston (BOS)"
"IA",236,"Puerto Marabella","PMB",1,"Cairo","CAI",2,"08:45","13:15",0,"A32L","X","Puerto Marabella (PMB)","Cairo (CAI)"
"IA",236,"Puerto Marabella","PMB",1,"Cairo","CAI",2,"08:45","13:15",0,"A32L","X","Puerto Marabella (PMB)","Cairo (CAI)"
"IA",238,"Puerto Marabella","PMB",1,"Cairo","CAI",2,"22:45","03:45",1,"A32L","X","Puerto Marabella (PMB)","Cairo (CAI)"
"IA",238,"Puerto Marabella","PMB",1,"Cairo","CAI",2,"22:45","03:45",1,"A32L","X","Puerto Marabella (PMB)","Cairo (CAI)"
"IA",98,"Puerto Marabella","PMB",1,"Casablanca","CMN",0,"07:15","08:30",0,"A319","X","Puerto Marabella (PMB)","Casablanca (CMN)"
"IA",100,"Puerto Marabella","PMB",1,"Casablanca","CMN",0,"16:15","17:30",0,"A32B","X","Puerto Marabella (PMB)","Casablanca (CMN)"
"IA",16,"Puerto Marabella","PMB",1,"Chicago","ORD",-6,"09:45","12:45",0,"A32L","X","Puerto Marabella (PMB)","Chicago (ORD)"
"IA",116,"Puerto Marabella","PMB",1,"Chicago","ORD",-6,"14:45","17:45",0,"B77W","X","Puerto Marabella (PMB)","Chicago (ORD)"
"IA",1658,"Puerto Marabella","PMB",1,"Copenhagen","CPH",1,"06:30","09:30",0,"A343","X","Puerto Marabella (PMB)","Copenhagen (CPH)"
"IA",1660,"Puerto Marabella","PMB",1,"Copenhagen","CPH",1,"11:15","14:15",0,"A32B","X","Puerto Marabella (PMB)","Copenhagen (CPH)"
"IA",1662,"Puerto Marabella","PMB",1,"Copenhagen","CPH",1,"15:15","18:15",0,"A333","X","Puerto Marabella (PMB)","Copenhagen (CPH)"
"IA",1664,"Puerto Marabella","PMB",1,"Copenhagen","CPH",1,"19:30","22:30",0,"A32A","X","Puerto Marabella (PMB)","Copenhagen (CPH)"
"IA",294,"Puerto Marabella","PMB",1,"Dar Es Salaam","DAR",3,"22:30","11:00",1,"A32L","X","Puerto Marabella (PMB)","Dar Es Salaam (DAR)"
"IA",146,"Puerto Marabella","PMB",1,"Delhi","DEL",5.5,"22:30","11:30",1,"B77W","X","Puerto Marabella (PMB)","Delhi (DEL)"
"IA",400,"Puerto Marabella","PMB",1,"Direct City","DCI",1,"06:00","07:30",0,"A32A","X","Puerto Marabella (PMB)","Direct City (DCI)"
"IA",402,"Puerto Marabella","PMB",1,"Direct City","DCI",1,"07:15","08:45",0,"A32A","X","Puerto Marabella (PMB)","Direct City (DCI)"
"DA",1411,"Puerto Marabella","PMB",1,"Direct City","DCI",1,"08:30","10:00",0,"A32B","X","Puerto Marabella (PMB)","Direct City (DCI)"
"DA",1413,"Puerto Marabella","PMB",1,"Direct City","DCI",1,"09:30","11:00",0,"A32B","X","Puerto Marabella (PMB)","Direct City (DCI)"
"IA",404,"Puerto Marabella","PMB",1,"Direct City","DCI",1,"10:30","12:00",0,"A32A","X","Puerto Marabella (PMB)","Direct City (DCI)"
"IA",406,"Puerto Marabella","PMB",1,"Direct City","DCI",1,"11:45","13:15",0,"A32A","X","Puerto Marabella (PMB)","Direct City (DCI)"
"DA",1415,"Puerto Marabella","PMB",1,"Direct City","DCI",1,"13:30","15:00",0,"A333","X","Puerto Marabella (PMB)","Direct City (DCI)"
"IA",408,"Puerto Marabella","PMB",1,"Direct City","DCI",1,"15:15","16:45",0,"A32A","X","Puerto Marabella (PMB)","Direct City (DCI)"
"DA",1417,"Puerto Marabella","PMB",1,"Direct City","DCI",1,"17:15","18:45",0,"A32B","X","Puerto Marabella (PMB)","Direct City (DCI)"
"IA",410,"Puerto Marabella","PMB",1,"Direct City","DCI",1,"18:15","19:45",0,"A32A","X","Puerto Marabella (PMB)","Direct City (DCI)"
"IA",412,"Puerto Marabella","PMB",1,"Direct City","DCI",1,"19:15","20:45",0,"A32A","X","Puerto Marabella (PMB)","Direct City (DCI)"
"DA",1419,"Puerto Marabella","PMB",1,"Direct City","DCI",1,"22:00","22:30",0,"A32B","X","Puerto Marabella (PMB)","Direct City (DCI)"
"IA",414,"Puerto Marabella","PMB",1,"Direct City","DCI",1,"23:00","00:30",1,"A32A","X","Puerto Marabella (PMB)","Direct City (DCI)"
"IA",656,"Puerto Marabella","PMB",1,"Doha","DOH",3,"12:30","20:30",0,"A32L","X","Puerto Marabella (PMB)","Doha (DOH)"
"IA",242,"Puerto Marabella","PMB",1,"Dubai","DXB",4,"10:45","19:15",0,"B77L","X","Puerto Marabella (PMB)","Dubai (DXB)"
"IA",136,"Puerto Marabella","PMB",1,"Eden City","EDN",-5,"11:00","13:30",0,"A32L","X","Puerto Marabella (PMB)","Eden City (EDN)"
"SR",1872,"Puerto Marabella","PMB",1,"Eden Elite City","EEI",0,"07:15","09:15",0,"RJ130","X","Puerto Marabella (PMB)","Eden Elite City (EEI)"
"SR",1874,"Puerto Marabella","PMB",1,"Eden Elite City","EEI",0,"11:30","13:30",0,"RJ130","X","Puerto Marabella (PMB)","Eden Elite City (EEI)"
"SR",1876,"Puerto Marabella","PMB",1,"Eden Elite City","EEI",0,"15:30","17:30",0,"RJ130","X","Puerto Marabella (PMB)","Eden Elite City (EEI)"
"SR",1878,"Puerto Marabella","PMB",1,"Eden Elite City","EEI",0,"19:00","21:00",0,"RJ130","X","Puerto Marabella (PMB)","Eden Elite City (EEI)"
"IA",380,"Puerto Marabella","PMB",1,"Edinburgh","EDI",0,"11:00","13:15",0,"A32B","X","Puerto Marabella (PMB)","Edinburgh (EDI)"
"IA",1234,"Puerto Marabella","PMB",1,"Frankfurt","FRA",1,"06:15","08:15",0,"A32A","X","Puerto Marabella (PMB)","Frankfurt (FRA)"
"IA",1236,"Puerto Marabella","PMB",1,"Frankfurt","FRA",1,"09:15","11:15",0,"A32A","X","Puerto Marabella (PMB)","Frankfurt (FRA)"
"IA",1238,"Puerto Marabella","PMB",1,"Frankfurt","FRA",1,"11:45","13:45",0,"A343","X","Puerto Marabella (PMB)","Frankfurt (FRA)"
"IA",1240,"Puerto Marabella","PMB",1,"Frankfurt","FRA",1,"15:15","17:15",0,"A32A","X","Puerto Marabella (PMB)","Frankfurt (FRA)"
"IA",1242,"Puerto Marabella","PMB",1,"Frankfurt","FRA",1,"17:15","19:15",0,"A319","X","Puerto Marabella (PMB)","Frankfurt (FRA)"
"IA",1244,"Puerto Marabella","PMB",1,"Frankfurt","FRA",1,"21:15","23:15",0,"A32A","X","Puerto Marabella (PMB)","Frankfurt (FRA)"
"IA",1012,"Puerto Marabella","PMB",1,"Geneva","GVA",1,"06:45","08:30",0,"A32A","X","Puerto Marabella (PMB)","Geneva (GVA)"
"IA",1014,"Puerto Marabella","PMB",1,"Geneva","GVA",1,"09:00","10:45",0,"A32B","X","Puerto Marabella (PMB)","Geneva (GVA)"
"IA",1016,"Puerto Marabella","PMB",1,"Geneva","GVA",1,"14:30","16:15",0,"A32B","X","Puerto Marabella (PMB)","Geneva (GVA)"
"IA",1018,"Puerto Marabella","PMB",1,"Geneva","GVA",1,"20:00","21:45",0,"A32B","X","Puerto Marabella (PMB)","Geneva (GVA)"
"IA",1666,"Puerto Marabella","PMB",1,"Helsinki","HEL",2,"08:45","13:45",0,"A32B","X","Puerto Marabella (PMB)","Helsinki (HEL)"
"IA",666,"Puerto Marabella","PMB",1,"Helsinki","HEL",2,"12:45","17:45",0,"A32B","X","Puerto Marabella (PMB)","Helsinki (HEL)"
"IA",4,"Puerto Marabella","PMB",1,"Hong Kong","HKG",8,"09:45","05:45",1,"B77L","25","Puerto Marabella (PMB)","Hong Kong (HKG)"
"IA",138,"Puerto Marabella","PMB",1,"Hong Kong","HKG",8,"22:45","17:45",1,"B77W","X","Puerto Marabella (PMB)","Hong Kong (HKG)"
"SR",2138,"Puerto Marabella","PMB",1,"Ibiza","IBZ",1,"07:30","08:15",0,"RJ130","X","Puerto Marabella (PMB)","Ibiza (IBZ)"
"SR",2140,"Puerto Marabella","PMB",1,"Ibiza","IBZ",1,"10:30","11:15",0,"RJ130","X","Puerto Marabella (PMB)","Ibiza (IBZ)"
"SR",2142,"Puerto Marabella","PMB",1,"Ibiza","IBZ",1,"13:30","14:15",0,"RJ130","X","Puerto Marabella (PMB)","Ibiza (IBZ)"
"SR",2144,"Puerto Marabella","PMB",1,"Ibiza","IBZ",1,"16:30","17:15",0,"RJ130","X","Puerto Marabella (PMB)","Ibiza (IBZ)"
"SR",2146,"Puerto Marabella","PMB",1,"Ibiza","IBZ",1,"19:30","20:15",0,"RJ130","X","Puerto Marabella (PMB)","Ibiza (IBZ)"
"SR",2148,"Puerto Marabella","PMB",1,"Ibiza","IBZ",1,"22:30","23:15",0,"RJ130","X","Puerto Marabella (PMB)","Ibiza (IBZ)"
"IA",170,"Puerto Marabella","PMB",1,"Istanbul","IST",2,"07:15","11:45",0,"A32B","X","Puerto Marabella (PMB)","Istanbul (IST)"
"IA",172,"Puerto Marabella","PMB",1,"Istanbul","IST",2,"12:30","17:00",0,"A32A","X","Puerto Marabella (PMB)","Istanbul (IST)"
"IA",174,"Puerto Marabella","PMB",1,"Istanbul","IST",2,"17:15","22:45",0,"A32B","X","Puerto Marabella (PMB)","Istanbul (IST)"
"IA",288,"Puerto Marabella","PMB",1,"Johannesburg","JNB",2,"10:30","21:30",0,"B77L","X","Puerto Marabella (PMB)","Johannesburg (JNB)"
"IA",624,"Puerto Marabella","PMB",1,"Kuwait","KWI",3,"12:45","20:30",0,"A32L","X","Puerto Marabella (PMB)","Kuwait (KWI)"
"IA",624,"Puerto Marabella","PMB",1,"Kuwait","KWI",3,"12:45","20:30",0,"A32L","X","Puerto Marabella (PMB)","Kuwait (KWI)"
"IA",2078,"Puerto Marabella","PMB",1,"Lisbon","LIS",0,"07:00","08:00",0,"A32B","X","Puerto Marabella (PMB)","Lisbon (LIS)"
"IA",2080,"Puerto Marabella","PMB",1,"Lisbon","LIS",0,"09:30","10:30",0,"A32A","X","Puerto Marabella (PMB)","Lisbon (LIS)"
"IA",2082,"Puerto Marabella","PMB",1,"Lisbon","LIS",0,"12:45","13:45",0,"A32A","X","Puerto Marabella (PMB)","Lisbon (LIS)"
"IA",2084,"Puerto Marabella","PMB",1,"Lisbon","LIS",0,"15:30","16:30",0,"A32B","X","Puerto Marabella (PMB)","Lisbon (LIS)"
"IA",2086,"Puerto Marabella","PMB",1,"Lisbon","LIS",0,"18:15","19:15",0,"A32A","X","Puerto Marabella (PMB)","Lisbon (LIS)"
"IA",2088,"Puerto Marabella","PMB",1,"Lisbon","LIS",0,"21:30","22:30",0,"A32B","X","Puerto Marabella (PMB)","Lisbon (LIS)"
"IA",320,"Puerto Marabella","PMB",1,"London","LHR",0,"06:00","07:30",0,"A333","X","Puerto Marabella (PMB)","London (LHR)"
"IA",322,"Puerto Marabella","PMB",1,"London","LHR",0,"10:15","11:45",0,"A333","X","Puerto Marabella (PMB)","London (LHR)"
"IA",324,"Puerto Marabella","PMB",1,"London","LHR",0,"13:00","14:30",0,"A333","X","Puerto Marabella (PMB)","London (LHR)"
"IA",326,"Puerto Marabella","PMB",1,"London","LHR",0,"17:00","19:30",0,"A333","X","Puerto Marabella (PMB)","London (LHR)"
"IA",328,"Puerto Marabella","PMB",1,"London","LHR",0,"21:00","22:30",0,"A333","X","Puerto Marabella (PMB)","London (LHR)"
"IA",1672,"Puerto Marabella","PMB",1,"Longyearbyen","LYR",1,"06:45","14:00",0,"A319","X","Puerto Marabella (PMB)","Longyearbyen (LYR)"
"IA",40,"Puerto Marabella","PMB",1,"Los Angeles","LAX",-8,"13:15","16:30",0,"B77W","X","Puerto Marabella (PMB)","Los Angeles (LAX)"
"IA",2108,"Puerto Marabella","PMB",1,"Madrid","MAD",1,"06:45","08:15",0,"A32A","X","Puerto Marabella (PMB)","Madrid (MAD)"
"IA",2110,"Puerto Marabella","PMB",1,"Madrid","MAD",1,"10:00","11:30",0,"A32A","X","Puerto Marabella (PMB)","Madrid (MAD)"
"IA",2112,"Puerto Marabella","PMB",1,"Madrid","MAD",1,"13:00","14:30",0,"A32A","X","Puerto Marabella (PMB)","Madrid (MAD)"
"IA",2114,"Puerto Marabella","PMB",1,"Madrid","MAD",1,"15:00","16:30",0,"A32A","X","Puerto Marabella (PMB)","Madrid (MAD)"
"IA",2116,"Puerto Marabella","PMB",1,"Madrid","MAD",1,"17:45","19:15",0,"A32A","X","Puerto Marabella (PMB)","Madrid (MAD)"
"IA",2120,"Puerto Marabella","PMB",1,"Madrid","MAD",1,"21:30","23:00",0,"A32B","X","Puerto Marabella (PMB)","Madrid (MAD)"
"IA",2122,"Puerto Marabella","PMB",1,"Malaga","AGP",1,"06:30","08:00",0,"A32B","X","Puerto Marabella (PMB)","Malaga (AGP)"
"IA",2124,"Puerto Marabella","PMB",1,"Malaga","AGP",1,"11:30","13:00",0,"A32A","X","Puerto Marabella (PMB)","Malaga (AGP)"
"IA",2126,"Puerto Marabella","PMB",1,"Malaga","AGP",1,"17:00","18:30",0,"A32B","X","Puerto Marabella (PMB)","Malaga (AGP)"
"IA",2128,"Puerto Marabella","PMB",1,"Malaga","AGP",1,"19:00","20:30",0,"A32B","X","Puerto Marabella (PMB)","Malaga (AGP)"
"SR",2130,"Puerto Marabella","PMB",1,"Malaga","AGP",1,"22:00","23:30",0,"RJ130","X","Puerto Marabella (PMB)","Malaga (AGP)"
"SR",2182,"Puerto Marabella","PMB",1,"Mallorca","PMI",1,"06:15","07:00",0,"RJ130","X","Puerto Marabella (PMB)","Mallorca (PMI)"
"IA",2184,"Puerto Marabella","PMB",1,"Mallorca","PMI",1,"07:15","08:00",0,"A319","X","Puerto Marabella (PMB)","Mallorca (PMI)"
"SR",2186,"Puerto Marabella","PMB",1,"Mallorca","PMI",1,"09:15","10:00",0,"RJ130","X","Puerto Marabella (PMB)","Mallorca (PMI)"
"IA",2188,"Puerto Marabella","PMB",1,"Mallorca","PMI",1,"11:45","21:30",0,"A32A","X","Puerto Marabella (PMB)","Mallorca (PMI)"
"IA",2190,"Puerto Marabella","PMB",1,"Mallorca","PMI",1,"13:30","14:15",0,"A319","X","Puerto Marabella (PMB)","Mallorca (PMI)"
"IA",2192,"Puerto Marabella","PMB",1,"Mallorca","PMI",1,"15:45","16:30",0,"A32A","X","Puerto Marabella (PMB)","Mallorca (PMI)"
"SR",2194,"Puerto Marabella","PMB",1,"Mallorca","PMI",1,"17:45","18:30",0,"RJ130","X","Puerto Marabella (PMB)","Mallorca (PMI)"
"SR",2196,"Puerto Marabella","PMB",1,"Mallorca","PMI",1,"20:45","21:30",0,"RJ130","X","Puerto Marabella (PMB)","Mallorca (PMI)"
"IA",2198,"Puerto Marabella","PMB",1,"Mallorca","PMI",1,"23:00","23:45",0,"A319","X","Puerto Marabella (PMB)","Mallorca (PMI)"
"IA",390,"Puerto Marabella","PMB",1,"Manchester","MAN",0,"09:45","11:45",0,"A32B","X","Puerto Marabella (PMB)","Manchester (MAN)"
"IA",392,"Puerto Marabella","PMB",1,"Manchester","MAN",0,"19:15","21:15",0,"A32B","X","Puerto Marabella (PMB)","Manchester (MAN)"
"IA",102,"Puerto Marabella","PMB",1,"Marrakech","RAK",0,"06:45","08:30",0,"A319","X","Puerto Marabella (PMB)","Marrakech (RAK)"
"IA",104,"Puerto Marabella","PMB",1,"Marrakech","RAK",0,"12:45","14:30",0,"A32A","X","Puerto Marabella (PMB)","Marrakech (RAK)"
"IA",66,"Puerto Marabella","PMB",1,"Miami","MIA",-5,"13:30","18:00",0,"B77W","X","Puerto Marabella (PMB)","Miami (MIA)"
"IA",1544,"Puerto Marabella","PMB",1,"Milan","MXP",1,"08:15","09:45",0,"A32A","X","Puerto Marabella (PMB)","Milan (MXP)"
"IA",1546,"Puerto Marabella","PMB",1,"Milan","MXP",1,"12:45","14:15",0,"A32A","X","Puerto Marabella (PMB)","Milan (MXP)"
"IA",1548,"Puerto Marabella","PMB",1,"Milan","MXP",1,"16:15","17:45",0,"A32A","X","Puerto Marabella (PMB)","Milan (MXP)"
"IA",1550,"Puerto Marabella","PMB",1,"Milan","MXP",1,"21:30","23:00",0,"A32A","X","Puerto Marabella (PMB)","Milan (MXP)"
"IA",36,"Puerto Marabella","PMB",1,"Montreal","YUL",-5,"12:30","15:00",0,"B77W","X","Puerto Marabella (PMB)","Montreal (YUL)"
"IA",140,"Puerto Marabella","PMB",1,"Moscow","DME",3,"10:45","17:30",0,"A319","X","Puerto Marabella (PMB)","Moscow (DME)"
"IA",144,"Puerto Marabella","PMB",1,"Moscow","DME",3,"22:45","05:30",0,"A32L","X","Puerto Marabella (PMB)","Moscow (DME)"
"IA",154,"Puerto Marabella","PMB",1,"Mumbai","BOM",5.5,"22:30","12:00",1,"B77W","X","Puerto Marabella (PMB)","Mumbai (BOM)"
"IA",1220,"Puerto Marabella","PMB",1,"Munich","MUC",1,"06:15","08:15",0,"A343","X","Puerto Marabella (PMB)","Munich (MUC)"
"IA",1222,"Puerto Marabella","PMB",1,"Munich","MUC",1,"09:15","11:15",0,"A32B","X","Puerto Marabella (PMB)","Munich (MUC)"
"IA",1224,"Puerto Marabella","PMB",1,"Munich","MUC",1,"11:45","13:45",0,"A32A","X","Puerto Marabella (PMB)","Munich (MUC)"
"IA",1226,"Puerto Marabella","PMB",1,"Munich","MUC",1,"15:00","17:00",0,"A32B","X","Puerto Marabella (PMB)","Munich (MUC)"
"IA",1228,"Puerto Marabella","PMB",1,"Munich","MUC",1,"17:15","19:15",0,"A343","X","Puerto Marabella (PMB)","Munich (MUC)"
"IA",1230,"Puerto Marabella","PMB",1,"Munich","MUC",1,"20:30","22:30",0,"A32B","X","Puerto Marabella (PMB)","Munich (MUC)"
"IA",242,"Puerto Marabella","PMB",1,"Muscat","MCT",4,"10:45","21:30",0,"B77L","X","Puerto Marabella (PMB)","Muscat (MCT)"
"IA",294,"Puerto Marabella","PMB",1,"Nairobi","NBO",3,"22:30","08:00",1,"A32L","X","Puerto Marabella (PMB)","Nairobi (NBO)"
"IA",1562,"Puerto Marabella","PMB",1,"Naples","NAP",1,"06:15","08:15",0,"A319","X","Puerto Marabella (PMB)","Naples (NAP)"
"IA",1564,"Puerto Marabella","PMB",1,"Naples","NAP",1,"18:15","20:15",0,"A319","X","Puerto Marabella (PMB)","Naples (NAP)"
"IA",20,"Puerto Marabella","PMB",1,"New York","JFK",-5,"09:45","12:45",0,"A32L","X","Puerto Marabella (PMB)","New York (JFK)"
"IA",22,"Puerto Marabella","PMB",1,"New York","JFK",-5,"13:00","16:00",0,"B77L","X","Puerto Marabella (PMB)","New York (JFK)"
"IA",24,"Puerto Marabella","PMB",1,"New York","JFK",-5,"17:00","20:00",0,"B77W","X","Puerto Marabella (PMB)","New York (JFK)"
"IA",876,"Puerto Marabella","PMB",1,"Nuuk","GOH",-2,"10:00","16:00",0,"A319","X","Puerto Marabella (PMB)","Nuuk (GOH)"
"IA",132,"Puerto Marabella","PMB",1,"Ocean Shores","OSO",-5,"11:30","14:30",0,"A32L","X","Puerto Marabella (PMB)","Ocean Shores (OSO)"
"IA",126,"Puerto Marabella","PMB",1,"Oran","ORN",1,"16:45","18:00",0,"A319","X","Puerto Marabella (PMB)","Oran (ORN)"
"IA",1668,"Puerto Marabella","PMB",1,"Oslo","OSL",1,"10:30","14:00",0,"A32A","X","Puerto Marabella (PMB)","Oslo (OSL)"
"IA",1670,"Puerto Marabella","PMB",1,"Oslo","OSL",1,"14:00","17:30",0,"A32A","X","Puerto Marabella (PMB)","Oslo (OSL)"
"IA",1558,"Puerto Marabella","PMB",1,"Palermo","PMO",1,"07:45","09:30",0,"A32A","X","Puerto Marabella (PMB)","Palermo (PMO)"
"IA",1560,"Puerto Marabella","PMB",1,"Palermo","PMO",1,"17:45","19:30",0,"A32A","X","Puerto Marabella (PMB)","Palermo (PMO)"
"IA",644,"Puerto Marabella","PMB",1,"Paris","CDG",1,"06:15","08:15",0,"A32A","X","Puerto Marabella (PMB)","Paris (CDG)"
"IA",646,"Puerto Marabella","PMB",1,"Paris","CDG",1,"09:15","11:15",0,"A32A","X","Puerto Marabella (PMB)","Paris (CDG)"
"IA",648,"Puerto Marabella","PMB",1,"Paris","CDG",1,"12:00","14:00",0,"A32B","X","Puerto Marabella (PMB)","Paris (CDG)"
"IA",650,"Puerto Marabella","PMB",1,"Paris","CDG",1,"15:45","17:15",0,"A32A","X","Puerto Marabella (PMB)","Paris (CDG)"
"IA",652,"Puerto Marabella","PMB",1,"Paris","CDG",1,"17:15","19:15",0,"A333","X","Puerto Marabella (PMB)","Paris (CDG)"
"IA",654,"Puerto Marabella","PMB",1,"Paris","CDG",1,"21:15","23:15",0,"A32A","X","Puerto Marabella (PMB)","Paris (CDG)"
"IA",1440,"Puerto Marabella","PMB",1,"Prague","PRG",1,"09:15","11:45",0,"A32B","X","Puerto Marabella (PMB)","Prague (PRG)"
"IA",1442,"Puerto Marabella","PMB",1,"Prague","PRG",1,"16:00","18:30",0,"A32A","X","Puerto Marabella (PMB)","Prague (PRG)"
"IA",1444,"Puerto Marabella","PMB",1,"Prague","PRG",1,"21:15","23:45",0,"A32B","X","Puerto Marabella (PMB)","Prague (PRG)"
"IA",856,"Puerto Marabella","PMB",1,"Reykjavik","KEF",0,"10:00","13:45",0,"A319","X","Puerto Marabella (PMB)","Reykjavik (KEF)"
"IA",1550,"Puerto Marabella","PMB",1,"Rome","FCO",1,"06:30","08:15",0,"A32A","X","Puerto Marabella (PMB)","Rome (FCO)"
"IA",1552,"Puerto Marabella","PMB",1,"Rome","FCO",1,"12:45","14:30",0,"A32A","X","Puerto Marabella (PMB)","Rome (FCO)"
"IA",1554,"Puerto Marabella","PMB",1,"Rome","FCO",1,"18:15","19:45",0,"A32A","X","Puerto Marabella (PMB)","Rome (FCO)"
"IA",2074,"Puerto Marabella","PMB",1,"Porto","OPO",0,"08:15","09:15",0,"A32A","X","Puerto Marabella (PMB)","Porto (OPO)"
"IA",2076,"Puerto Marabella","PMB",1,"Porto","OPO",0,"15:45","16:45",0,"A32B","X","Puerto Marabella (PMB)","Porto (OPO)"
"IA",142,"Puerto Marabella","PMB",1,"St. Petersburg","LED",3,"10:45","17:15",0,"A32L","X","Puerto Marabella (PMB)","St. Petersburg (LED)"
"IA",38,"Puerto Marabella","PMB",1,"San Francisco","SFO",-8,"13:15","16:15",0,"B77W","X","Puerto Marabella (PMB)","San Francisco (SFO)"
"IA",32,"Puerto Marabella","PMB",1,"Sao Paulo","GRU",-4,"12:30","18:00",0,"B77W","X","Puerto Marabella (PMB)","Sao Paulo (GRU)"
"IA",189,"Puerto Marabella","PMB",1,"Shanghai","PVG",8,"13:00","07:30",0,"B77W","X","Puerto Marabella (PMB)","Shanghai (PVG)"
"IA",2,"Puerto Marabella","PMB",1,"Singapore","SIN",8,"16:30","11:30",1,"B77L","15","Puerto Marabella (PMB)","Singapore (SIN)"
"IA",176,"Puerto Marabella","PMB",1,"Singapore","SIN",8,"22:45","17:45",1,"B77W","X","Puerto Marabella (PMB)","Singapore (SIN)"
"IA",1650,"Puerto Marabella","PMB",1,"Stockholm","ARN",1,"06:30","10:00",0,"A343","X","Puerto Marabella (PMB)","Stockholm (ARN)"
"IA",1652,"Puerto Marabella","PMB",1,"Stockholm","ARN",1,"10:45","14:15",0,"A32A","X","Puerto Marabella (PMB)","Stockholm (ARN)"
"IA",1654,"Puerto Marabella","PMB",1,"Stockholm","ARN",1,"14:15","17:45",0,"A343","X","Puerto Marabella (PMB)","Stockholm (ARN)"
"IA",1656,"Puerto Marabella","PMB",1,"Stockholm","ARN",1,"19:15","22:45",0,"A32A","X","Puerto Marabella (PMB)","Stockholm (ARN)"
"IA",2236,"Puerto Marabella","PMB",1,"Swiss Alpin","SAI",1,"07:30","09:00",0,"A32A","X","Puerto Marabella (PMB)","Swiss Alpin (SAI)"
"SR",2238,"Puerto Marabella","PMB",1,"Swiss Alpin","SAI",1,"09:00","11:00",0,"RJ130","X","Puerto Marabella (PMB)","Swiss Alpin (SAI)"
"SR",2240,"Puerto Marabella","PMB",1,"Swiss Alpin","SAI",1,"12:15","14:15",0,"RJ130","X","Puerto Marabella (PMB)","Swiss Alpin (SAI)"
"SR",2242,"Puerto Marabella","PMB",1,"Swiss Alpin","SAI",1,"14:45","16:45",0,"RJ130","X","Puerto Marabella (PMB)","Swiss Alpin (SAI)"
"IA",2244,"Puerto Marabella","PMB",1,"Swiss Alpin","SAI",1,"18:15","19:45",0,"A319","X","Puerto Marabella (PMB)","Swiss Alpin (SAI)"
"SR",2246,"Puerto Marabella","PMB",1,"Swiss Alpin","SAI",1,"20:15","22:15",0,"RJ130","X","Puerto Marabella (PMB)","Swiss Alpin (SAI)"
"IA",2,"Puerto Marabella","PMB",1,"Sydney","SYD",10,"16:30","21:45",1,"B77L","15","Puerto Marabella (PMB)","Sydney (SYD)"
"IA",254,"Puerto Marabella","PMB",1,"Tel Aviv","TLV",2,"09:45","14:45",0,"A343","X","Puerto Marabella (PMB)","Tel Aviv (TLV)"
"IA",256,"Puerto Marabella","PMB",1,"Tel Aviv","TLV",2,"22:30","03:30",1,"A343","X","Puerto Marabella (PMB)","Tel Aviv (TLV)"
"IA",214,"Puerto Marabella","PMB",1,"Tenerife","TFS",0,"14:15","16:30",0,"A32A","X","Puerto Marabella (PMB)","Tenerife (TFS)"
"IA",1342,"Puerto Marabella","PMB",1,"Tbilisi","TBS",3,"23:00","05:45",1,"A319","X","Puerto Marabella (PMB)","Tbilisi (TBS)"
"IA",14,"Puerto Marabella","PMB",1,"Tokyo","NRT",9,"13:00","09:00",1,"B77W","X","Puerto Marabella (PMB)","Tokyo (NRT)"
"IA",126,"Puerto Marabella","PMB",1,"Tunis","TUN",1,"07:45","09:15",0,"A32A","X","Puerto Marabella (PMB)","Tunis (TUN)"
"IA",128,"Puerto Marabella","PMB",1,"Tunis","TUN",1,"14:45","16:15",0,"A32A","X","Puerto Marabella (PMB)","Tunis (TUN)"
"IA",2150,"Puerto Marabella","PMB",1,"Valencia","VLC",1,"06:45","07:45",0,"A32A","X","Puerto Marabella (PMB)","Valencia (VLC)"
"IA",2152,"Puerto Marabella","PMB",1,"Valencia","VLC",1,"09:30","10:30",0,"A319","X","Puerto Marabella (PMB)","Valencia (VLC)"
"IA",2154,"Puerto Marabella","PMB",1,"Valencia","VLC",1,"12:15","13:15",0,"A32A","X","Puerto Marabella (PMB)","Valencia (VLC)"
"IA",1256,"Puerto Marabella","PMB",1,"Valencia","VLC",1,"14:45","15:45",0,"A319","X","Puerto Marabella (PMB)","Valencia (VLC)"
"IA",2158,"Puerto Marabella","PMB",1,"Valencia","VLC",1,"18:00","19:00",0,"A32A","X","Puerto Marabella (PMB)","Valencia (VLC)"
"IA",2160,"Puerto Marabella","PMB",1,"Valencia","VLC",1,"22:45","23:45",0,"A32A","X","Puerto Marabella (PMB)","Valencia (VLC)"
"IA",1118,"Puerto Marabella","PMB",1,"Vienna","VIE",1,"06:00","08:30",0,"A32A","X","Puerto Marabella (PMB)","Vienna (VIE)"
"IA",1120,"Puerto Marabella","PMB",1,"Vienna","VIE",1,"11:45","14:15",0,"A319","X","Puerto Marabella (PMB)","Vienna (VIE)"
"IA",1122,"Puerto Marabella","PMB",1,"Vienna","VIE",1,"16:15","18:45",0,"A32A","X","Puerto Marabella (PMB)","Vienna (VIE)"
"IA",1342,"Puerto Marabella","PMB",1,"Yerevan","EVN",3,"23:00","06:45",1,"A319","X","Puerto Marabella (PMB)","Yerevan (EVN)"
"IA",1000,"Puerto Marabella","PMB",1,"Zurich","ZRH",1,"06:15","08:15",0,"A333","X","Puerto Marabella (PMB)","Zurich (ZRH)"
"IA",1002,"Puerto Marabella","PMB",1,"Zurich","ZRH",1,"09:00","11:00",0,"A32B","X","Puerto Marabella (PMB)","Zurich (ZRH)"
"IA",1004,"Puerto Marabella","PMB",1,"Zurich","ZRH",1,"12:15","14:15",0,"A333","X","Puerto Marabella (PMB)","Zurich (ZRH)"
"IA",1006,"Puerto Marabella","PMB",1,"Zurich","ZRH",1,"15:00","17:00",0,"A32B","X","Puerto Marabella (PMB)","Zurich (ZRH)"
"IA",1008,"Puerto Marabella","PMB",1,"Zurich","ZRH",1,"18:15","20:15",0,"A333","X","Puerto Marabella (PMB)","Zurich (ZRH)"
"IA",1010,"Puerto Marabella","PMB",1,"Zurich","ZRH",1,"21:00","23:00",0,"A32B","X","Puerto Marabella (PMB)","Zurich (ZRH)"
"IA",856,"Reykjavik","KEF",0,"Nuuk","GOH",-2,"14:45","16:00",0,"A319","X","Reykjavik (KEF)","Nuuk (GOH)"
"IA",857,"Reykjavik","KEF",0,"Puerto Marabella","PMB",1,"23:15","06:30",1,"A319","X","Reykjavik (KEF)","Puerto Marabella (PMB)"
"IA",1551,"Rome","FCO",1,"Puerto Marabella","PMB",1,"09:00","10:45",0,"A32A","X","Rome (FCO)","Puerto Marabella (PMB)"
"IA",1553,"Rome","FCO",1,"Puerto Marabella","PMB",1,"15:15","17:00",0,"A32A","X","Rome (FCO)","Puerto Marabella (PMB)"
"IA",1555,"Rome","FCO",1,"Puerto Marabella","PMB",1,"20:30","22:00",0,"A32A","X","Rome (FCO)","Puerto Marabella (PMB)"
"IA",143,"St. Petersburg","LED",3,"Puerto Marabella","PMB",1,"18:15","20:45",0,"A32L","X","St. Petersburg (LED)","Puerto Marabella (PMB)"
"IA",39,"San Francisco","SFO",-8,"Puerto Marabella","PMB",1,"19:30","15:45",1,"B77W","X","San Francisco (SFO)","Puerto Marabella (PMB)"
"IA",31,"Sao Paulo","GRU",-4,"Puerto Marabella","PMB",1,"19:00","11:00",1,"B77W","X","Sao Paulo (GRU)","Puerto Marabella (PMB)"
"IA",189,"Shanghai","PVG",8,"Puerto Marabella","PMB",1,"09:15","15:45",0,"B77W","X","Shanghai (PVG)","Puerto Marabella (PMB)"
"IA",1,"Singapore","SIN",8,"Puerto Marabella","PMB",1,"06:30","14:30",0,"B77L","37","Singapore (SIN)","Puerto Marabella (PMB)"
"IA",177,"Singapore","SIN",8,"Puerto Marabella","PMB",1,"22:15","06:15",1,"B77W","X","Singapore (SIN)","Puerto Marabella (PMB)"
"IA",2,"Singapore","SIN",8,"Sydney","SYD",10,"12:30","21:45",0,"B77L","26","Singapore (SIN)","Sydney (SYD)"
"IA",1651,"Stockholm","ARN",1,"Puerto Marabella","PMB",1,"06:15","09:45",0,"A32A","X","Stockholm (ARN)","Puerto Marabella (PMB)"
"IA",1653,"Stockholm","ARN",1,"Puerto Marabella","PMB",1,"10:45","14:15",0,"A343","X","Stockholm (ARN)","Puerto Marabella (PMB)"
"IA",1655,"Stockholm","ARN",1,"Puerto Marabella","PMB",1,"15:00","18:30",0,"A32A","X","Stockholm (ARN)","Puerto Marabella (PMB)"
"IA",1657,"Stockholm","ARN",1,"Puerto Marabella","PMB",1,"18:30","22:00",0,"A343","X","Stockholm (ARN)","Puerto Marabella (PMB)"
"SR",1115,"Swiss Alpin","SAI",1,"Basel","BSL",1,"09:00","10:00",0,"RJ130","X","Swiss Alpin (SAI)","Basel (BSL)"
"SR",1117,"Swiss Alpin","SAI",1,"Basel","BSL",1,"16:00","17:00",0,"RJ130","X","Swiss Alpin (SAI)","Basel (BSL)"
"SR",416,"Swiss Alpin","SAI",1,"Direct City","DCI",1,"06:30","08:30",0,"RJ130","X","Swiss Alpin (SAI)","Direct City (DCI)"
"DA",1341,"Swiss Alpin","SAI",1,"Direct City","DCI",1,"09:30","11:30",0,"RJ130","X","Swiss Alpin (SAI)","Direct City (DCI)"
"SR",418,"Swiss Alpin","SAI",1,"Direct City","DCI",1,"12:00","14:00",0,"RJ130","X","Swiss Alpin (SAI)","Direct City (DCI)"
"DA",1343,"Swiss Alpin","SAI",1,"Direct City","DCI",1,"14:45","16:45",0,"RJ130","X","Swiss Alpin (SAI)","Direct City (DCI)"
"SR",420,"Swiss Alpin","SAI",1,"Direct City","DCI",1,"17:00","19:00",0,"RJ130","X","Swiss Alpin (SAI)","Direct City (DCI)"
"DA",1345,"Swiss Alpin","SAI",1,"Direct City","DCI",1,"19:30","21:30",0,"RJ130","X","Swiss Alpin (SAI)","Direct City (DCI)"
"SR",1880,"Swiss Alpin","SAI",1,"Eden Elite City","EEI",0,"06:30","07:15",0,"RJ130","X","Swiss Alpin (SAI)","Eden Elite City (EEI)"
"SR",1882,"Swiss Alpin","SAI",1,"Eden Elite City","EEI",0,"11:45","12:30",0,"RJ130","X","Swiss Alpin (SAI)","Eden Elite City (EEI)"
"SR",1884,"Swiss Alpin","SAI",1,"Eden Elite City","EEI",0,"17:45","18:30",0,"RJ130","X","Swiss Alpin (SAI)","Eden Elite City (EEI)"
"SR",1100,"Swiss Alpin","SAI",1,"Geneva","GVA",1,"06:45","07:45",0,"RJ130","X","Swiss Alpin (SAI)","Geneva (GVA)"
"SR",1102,"Swiss Alpin","SAI",1,"Geneva","GVA",1,"12:30","13:30",0,"RJ130","X","Swiss Alpin (SAI)","Geneva (GVA)"
"SR",1104,"Swiss Alpin","SAI",1,"Geneva","GVA",1,"18:15","19:15",0,"RJ130","X","Swiss Alpin (SAI)","Geneva (GVA)"
"SR",2237,"Swiss Alpin","SAI",1,"Puerto Marabella","PMB",1,"06:15","08:15",0,"RJ130","X","Swiss Alpin (SAI)","Puerto Marabella (PMB)"
"IA",2239,"Swiss Alpin","SAI",1,"Puerto Marabella","PMB",1,"20:00","11:30",0,"A32A","X","Swiss Alpin (SAI)","Puerto Marabella (PMB)"
"SR",2241,"Swiss Alpin","SAI",1,"Puerto Marabella","PMB",1,"12:00","14:00",0,"RJ130","X","Swiss Alpin (SAI)","Puerto Marabella (PMB)"
"SR",2243,"Swiss Alpin","SAI",1,"Puerto Marabella","PMB",1,"15:00","17:00",0,"RJ130","X","Swiss Alpin (SAI)","Puerto Marabella (PMB)"
"SR",2245,"Swiss Alpin","SAI",1,"Puerto Marabella","PMB",1,"17:30","19:30",0,"RJ130","X","Swiss Alpin (SAI)","Puerto Marabella (PMB)"
"IA",2247,"Swiss Alpin","SAI",1,"Puerto Marabella","PMB",1,"20:30","22:00",0,"A319","X","Swiss Alpin (SAI)","Puerto Marabella (PMB)"
"SR",1107,"Swiss Alpin","SAI",1,"Zurich","ZRH",1,"06:00","06:45",0,"RJ130","X","Swiss Alpin (SAI)","Zurich (ZRH)"
"SR",1109,"Swiss Alpin","SAI",1,"Zurich","ZRH",1,"11:45","12:30",0,"RJ130","X","Swiss Alpin (SAI)","Zurich (ZRH)"
"SR",1111,"Swiss Alpin","SAI",1,"Zurich","ZRH",1,"15:15","16:00",0,"RJ130","X","Swiss Alpin (SAI)","Zurich (ZRH)"
"SR",1113,"Swiss Alpin","SAI",1,"Zurich","ZRH",1,"19:30","20:15",0,"RJ130","X","Swiss Alpin (SAI)","Zurich (ZRH)"
"IA",1,"Sydney","SYD",10,"Puerto Marabella","PMB",1,"23:15","14:30",1,"B77L","26","Sydney (SYD)","Puerto Marabella (PMB)"
"IA",1,"Sydney","SYD",10,"Singapore","SIN",8,"23:15","05:30",1,"B77L","26","Sydney (SYD)","Singapore (SIN)"
"IA",255,"Tel Aviv","TLV",2,"Puerto Marabella","PMB",1,"05:15","08:45",0,"A343","X","Tel Aviv (TLV)","Puerto Marabella (PMB)"
"IA",257,"Tel Aviv","TLV",2,"Puerto Marabella","PMB",1,"16:30","20:00",0,"A343","X","Tel Aviv (TLV)","Puerto Marabella (PMB)"
"IA",215,"Tenerife","TFS",0,"Puerto Marabella","PMB",1,"17:30","21:45",0,"A32A","X","Tenerife (TFS)","Puerto Marabella (PMB)"
"IA",1342,"Tbilisi","TBS",3,"Almaty","ALA",5,"06:15","16:00",0,"A319","X","Tbilisi (TBS)","Almaty (ALA)"
"IA",1342,"Tbilisi","TBS",3,"Ashgabat","ASB",4,"06:15","11:15",0,"A319","X","Tbilisi (TBS)","Ashgabat (ASB)"
"IA",1342,"Tbilisi","TBS",3,"Astana","TSE",5,"06:15","18:00",0,"A319","X","Tbilisi (TBS)","Astana (TSE)"
"IA",1342,"Tbilisi","TBS",3,"Baku","GYD",3,"06:15","08:00",0,"A319","X","Tbilisi (TBS)","Baku (GYD)"
"IA",1343,"Tbilisi","TBS",3,"Puerto Marabella","PMB",1,"03:15","06:00",0,"A319","X","Tbilisi (TBS)","Puerto Marabella (PMB)"
"IA",1342,"Tbilisi","TBS",3,"Yerevan","EVN",3,"06:15","06:45",0,"A319","X","Tbilisi (TBS)","Yerevan (EVN)"
"IA",13,"Tokyo","NRT",9,"Puerto Marabella","PMB",1,"11:30","18:30",0,"B77W","X","Tokyo (NRT)","Puerto Marabella (PMB)"
"IA",127,"Tunis","TUN",1,"Puerto Marabella","PMB",1,"10:00","11:30",0,"A32A","X","Tunis (TUN)","Puerto Marabella (PMB)"
"IA",129,"Tunis","TUN",1,"Puerto Marabella","PMB",1,"17:00","18:30",0,"A32A","X","Tunis (TUN)","Puerto Marabella (PMB)"
"IA",2151,"Valencia","VLC",1,"Puerto Marabella","PMB",1,"06:15","07:15",0,"A32A","X","Valencia (VLC)","Puerto Marabella (PMB)"
"IA",2153,"Valencia","VLC",1,"Puerto Marabella","PMB",1,"08:30","09:30",0,"A32A","X","Valencia (VLC)","Puerto Marabella (PMB)"
"IA",2155,"Valencia","VLC",1,"Puerto Marabella","PMB",1,"11:15","12:15",0,"A319","X","Valencia (VLC)","Puerto Marabella (PMB)"
"IA",2157,"Valencia","VLC",1,"Puerto Marabella","PMB",1,"14:00","15:00",0,"A32A","X","Valencia (VLC)","Puerto Marabella (PMB)"
"IA",2159,"Valencia","VLC",1,"Puerto Marabella","PMB",1,"16:30","17:30",0,"A319","X","Valencia (VLC)","Puerto Marabella (PMB)"
"IA",2161,"Valencia","VLC",1,"Puerto Marabella","PMB",1,"19:45","20:45",0,"A32A","X","Valencia (VLC)","Puerto Marabella (PMB)"
"IA",1119,"Vienna","VIE",1,"Puerto Marabella","PMB",1,"09:15","11:45",0,"A32A","X","Vienna (VIE)","Puerto Marabella (PMB)"
"IA",1121,"Vienna","VIE",1,"Puerto Marabella","PMB",1,"15:00","17:30",0,"A319","X","Vienna (VIE)","Puerto Marabella (PMB)"
"IA",1123,"Vienna","VIE",1,"Puerto Marabella","PMB",1,"19:30","22:00",0,"A32A","X","Vienna (VIE)","Puerto Marabella (PMB)"
"IA",1342,"Yerevan","EVN",3,"Almaty","ALA",5,"07:15","16:00",0,"A319","X","Yerevan (EVN)","Almaty (ALA)"
"IA",1342,"Yerevan","EVN",3,"Ashgabat","ASB",4,"07:15","11:45",0,"A319","X","Yerevan (EVN)","Ashgabat (ASB)"
"IA",1342,"Yerevan","EVN",3,"Astana","TSE",5,"07:15","18:00",0,"A319","X","Yerevan (EVN)","Astana (TSE)"
"IA",1342,"Yerevan","EVN",3,"Baku","GYD",3,"07:15","08:00",0,"A319","X","Yerevan (EVN)","Baku (GYD)"
"IA",1343,"Yerevan","EVN",3,"Puerto Marabella","PMB",1,"02:15","06:00",0,"A319","X","Yerevan (EVN)","Puerto Marabella (PMB)"
"IA",1343,"Yerevan","EVN",3,"Tbilisi","TBS",3,"02:15","02:45",0,"A319","X","Yerevan (EVN)","Tbilisi (TBS)"
"IA",1001,"Zurich","ZRH",1,"Puerto Marabella","PMB",1,"06:00","08:00",0,"A32B","X","Zurich (ZRH)","Puerto Marabella (PMB)"
"IA",1003,"Zurich","ZRH",1,"Puerto Marabella","PMB",1,"09:15","11:15",0,"A333","X","Zurich (ZRH)","Puerto Marabella (PMB)"
"IA",1005,"Zurich","ZRH",1,"Puerto Marabella","PMB",1,"12:00","14:00",0,"A32B","X","Zurich (ZRH)","Puerto Marabella (PMB)"
"IA",1007,"Zurich","ZRH",1,"Puerto Marabella","PMB",1,"15:15","17:15",0,"A333","X","Zurich (ZRH)","Puerto Marabella (PMB)"
"IA",1009,"Zurich","ZRH",1,"Puerto Marabella","PMB",1,"18:00","20:00",0,"A32B","X","Zurich (ZRH)","Puerto Marabella (PMB)"
"IA",1011,"Zurich","ZRH",1,"Puerto Marabella","PMB",1,"21:15","23:15",0,"A333","X","Zurich (ZRH)","Puerto Marabella (PMB)"
"SR",1106,"Zurich","ZRH",1,"Swiss Alpin","SAI",1,"07:30","08:15",0,"RJ130","X","Zurich (ZRH)","Swiss Alpin (SAI)"
"SR",1108,"Zurich","ZRH",1,"Swiss Alpin","SAI",1,"13:15","14:00",0,"RJ130","X","Zurich (ZRH)","Swiss Alpin (SAI)"
"SR",1110,"Zurich","ZRH",1,"Swiss Alpin","SAI",1,"16:45","17:30",0,"RJ130","X","Zurich (ZRH)","Swiss Alpin (SAI)"
"SR",1112,"Zurich","ZRH",1,"Swiss Alpin","SAI",1,"21:00","21:45",0,"RJ130","X","Zurich (ZRH)","Swiss Alpin (SAI)"
